{
  "version": 1,
  "author": "Mert Atuğ",
  "editor": "wokwi",
  "parts": [
    { "type": "wokwi-arduino-uno", "id": "uno", "top": 0.6, "left": -39, "attrs": {} },
    {
      "type": "board-ssd1306",
      "id": "oled1",
      "top": 22.34,
      "left": 307.43,
      "attrs": { "i2cAddress": "0x3c" }
    },
    {
      "type": "wokwi-slide-potentiometer",
      "id": "pot1",
      "top": 225.8,
      "left": 200.6,
      "attrs": { "travelLength": "30" }
    },
    {
      "type": "wokwi-pushbutton",
      "id": "btn3",
      "top": 54.2,
      "left": 240,
      "attrs": { "color": "blue" }
    },
    { "type": "wokwi-led", "id": "led1", "top": -22.8, "left": 311, "attrs": { "color": "red" } },
    {
      "type": "wokwi-led",
      "id": "led2",
      "top": -22.8,
      "left": 291.8,
      "attrs": { "color": "red" }
    },
    {
      "type": "wokwi-led",
      "id": "led3",
      "top": -22.8,
      "left": 272.6,
      "attrs": { "color": "red" }
    },
    {
      "type": "wokwi-tm1637-7segment",
      "id": "sevseg1",
      "top": 115.16,
      "left": 256.63,
      "attrs": { "color": "red" }
    },
    {
      "type": "wokwi-resistor",
      "id": "r1",
      "top": -52.8,
      "left": 47.45,
      "rotate": 90,
      "attrs": { "value": "300" }
    },
    {
      "type": "wokwi-resistor",
      "id": "r3",
      "top": -52.8,
      "left": 105.05,
      "rotate": 90,
      "attrs": { "value": "300" }
    },
    {
      "type": "wokwi-resistor",
      "id": "r4",
      "top": -52.8,
      "left": 76.25,
      "rotate": 90,
      "attrs": { "value": "300" }
    },
    {
      "type": "wokwi-photoresistor-sensor",
      "id": "ldr1",
      "top": -73.6,
      "left": -133.6,
      "attrs": {}
    }
  ],
  "connections": [
    [ "oled1:SCL", "uno:A5", "cyan", [ "v-57.6", "h67.5", "v278.4", "h-244.3" ] ],
    [
      "oled1:SDA",
      "uno:A4",
      "orange",
      [ "v-48", "h48.07", "v259.2", "h-220.8", "v-38.4", "v0", "h5.4" ]
    ],
    [ "oled1:GND", "uno:GND.3", "black", [ "v-76.8", "h105.6", "v316.8", "h-340" ] ],
    [ "oled1:VCC", "uno:5V", "red", [ "v-67.2", "h86.55", "v297.6", "h-349.4" ] ],
    [ "pot1:SIG", "uno:A0", "violet", [ "h0" ] ],
    [ "pot1:VCC", "uno:5V", "red", [ "h-105.6", "v-163.1" ] ],
    [ "pot1:GND", "uno:GND.3", "black", [ "v-38.4", "h-388.4" ] ],
    [ "sevseg1:GND", "uno:GND.3", "black", [ "h28.8", "v67.2", "h-349.6" ] ],
    [ "sevseg1:VCC", "uno:5V", "red", [ "h38.4", "v57.6", "h-378.2" ] ],
    [ "sevseg1:CLK", "uno:2", "green", [ "h28.8", "v-230.4", "h-292.1" ] ],
    [ "sevseg1:DIO", "uno:3", "blue", [ "h38.4", "v-249.6", "h-311.2" ] ],
    [ "led3:C", "uno:GND.1", "gold", [ "v28.8", "h-211.1" ] ],
    [ "led2:C", "uno:GND.1", "gold", [ "v19.2", "h-259.1" ] ],
    [ "led1:C", "uno:GND.1", "gold", [ "v9.6", "h-278.3" ] ],
    [ "led3:A", "r1:1", "violet", [ "v0" ] ],
    [ "led2:A", "r4:1", "violet", [ "v0" ] ],
    [ "led1:A", "r3:1", "violet", [ "v0" ] ],
    [ "r1:2", "uno:7", "orange", [ "h0", "v8.4", "h124.8" ] ],
    [ "r4:2", "uno:6", "orange", [ "h0", "v8.4", "h105.6" ] ],
    [ "r3:2", "uno:5", "orange", [ "h0", "v8.4", "h76.8" ] ],
    [ "btn3:1.l", "uno:GND.1", "gray", [ "h-96", "v-9.6", "h-67.5" ] ],
    [ "btn3:2.r", "uno:8", "gray", [ "h0.2", "v19.4", "h-163.2" ] ],
    [ "ldr1:VCC", "uno:5V", "red", [ "h9.6", "v345.6", "h76.8", "v-9.6" ] ],
    [ "ldr1:GND", "uno:GND.1", "black", [ "h28.8", "v38", "h9.6" ] ],
    [ "ldr1:DO", "uno:4", "purple", [ "h19.2", "v-67.8", "h124.8" ] ]
  ],
  "dependencies": {}
}